title,link,description,bloggername,bloggerlink,postdate,query
신생아유산균 시기 아기유산균<b>비타민D</b> 돌아기유산균 경험담,https://blog.naver.com/joy61062/224181909608,#아기유산균 #아기유산균<b>비타민D</b> #신생아유산균 신생아유산균 시기 아기유산균<b>비타민D</b> 돌아기유산균 비타슈넬 베이비드롭 안녕하세요 사랑스러운 두 아이를 키우고 있는 쁨남매맘입니다:) 육아를 하면서... ,행복한 김다니,blog.naver.com/joy61062,20260212,비타민D
아기<b>비타민D</b> 아연 필수일까?,https://blog.naver.com/springjean/224163300059,#아기<b>비타민D</b> #아기유산균 아기<b>비타민D</b> 아연 필수일까? 초등학생인 우리 큰 아이를 보면서 문득 신생아 때가 떠올랐어요. 그때는 정말 하나하나 다 찾아보고 고민했던 것 같아요. 특히 아기<b>비타민D</b>는... ,"도담도담, 러브하우스 : )",blog.naver.com/springjean,20260129,비타민D
<b>비타민D</b> 부족 확인한 후기,https://blog.naver.com/gwf21/224164566815,"<b>비타민D</b>를 고를 때 비타민K2가 함께 들어 있는지를 가장 먼저 확인했어요. D는 칼슘을 혈액 쪽으로... <b>비타민D</b>와 함께 섭취했을 때 항산화 측면에서 시너지가 있다고 해서, 성분 구성이 D·K2·셀렌 정도로 단순한... ",❤️MIN’s 의 다락방❤️,blog.naver.com/gwf21,20260129,비타민D
<b>비타민D</b> 추천 받고 직접 선택해본 비타도스D 솔직 후기,https://blog.naver.com/dohyun0305/224182800175,"하루 대부분을 실내에서 보내다 보니 자연스럽게 비타민 관련 정보를 찾아보게 되었고, 주변에서도 어느 순간부터 “<b>비타민D</b> 챙겨 먹는다”는 이야기를 자주 듣게 되면서 저도 관심이 생겼어요. 저는 그동안... ",Calmness_,blog.naver.com/dohyun0305,20260213,비타민D
임산부 <b>비타민D</b> 권장량 용량 부족 추천 뉴로랩스,https://blog.naver.com/sooheenam/224147582229,또 올리브오일을 부원료로 사용해서 지용성 비타민인 <b>비타민D</b> 흡수를 도와준다는 설명도 납득이 갔고요. 무부형제 공법이라 불필요한 합성향료나 착색료가 없다는 점도 임산부 입장에서는 중요한... ,"⭐"" 그리움의 부동산개발 """,blog.naver.com/sooheenam,20260115,비타민D
<b>비타민D</b> 부족 증상 확인한 후기,https://blog.naver.com/king3799/224172291793,"① 비타민K2 포함 여부 <b>비타민D</b>는 칼슘 흡수와 관련이 있고, K2는 그 과정의 균형을 잡는 데 도움을... 셀렌이 <b>비타민D</b>와 함께 구성된 제품이 조합 면에서 부담이 덜해 보였어요. 그래서 성분은 D·K2·셀렌까지만... ",싱글벙글 소리 Story,blog.naver.com/king3799,20260205,비타민D
착한가격의 DSM 원료사용? <b>비타민D</b>추천 (비타도스 솔직후기),https://blog.naver.com/midas8873/224181794947,"바로 <b>비타민D</b>추천 제품들이었어요. 특별한 이유가 있었던 건 아니고, 어느 날 친구와 이야기하다가 자연스럽게 <b>비타민D</b>추천 얘기가 나온 게 계기였어요. 실내에서 지내는 시간이 많으면 기본적인 관리 차원에서... ",김스토리,blog.naver.com/midas8873,20260212,비타민D
뉴로랩스 <b>비타민D</b> 5000IU ( 3+1) 고품질 가성비 추천,https://blog.naver.com/myhongs/224156208859,"제가 겪었던 상황부터 말씀드리면, <b>비타민D</b> 부족 때문에 생각보다 훨씬 오래 고생했습니다. 어디가 딱... <b>비타민D</b> 수치가 많이 낮아요. 솔직히 그때까지는 <b>비타민D</b>를 뼈에만 좋은 영양소 정도로만 알고... ",'당신'이라는 콘텐츠,blog.naver.com/myhongs,20260122,비타민D
아기<b>비타민D</b> 유산균 아연 보다 먼저 챙기세요,https://blog.naver.com/kthee0123/224169374307,의외로 <b>비타민D</b>였어요 특히 요즘처럼 미세먼지도 많고 실내에서 지내는 시간이 많은 아기들은 햇빛을 충분히 쬐기 어렵기 때문에 <b>비타민D</b> 결핍이 쉽게 올 수 있다고 하셨죠 <b>비타민D</b>는 단순히 뼈 성장만을 위한... ,언제나 너희뿐이야❤,blog.naver.com/kthee0123,20260202,비타민D
WCS 칼슘 마그네슘 <b>비타민D</b> 섭취시간 케어 후기,https://blog.naver.com/ggomo882/224174982178,WCS 칼슘 마그네슘 <b>비타민D</b> 섭취시간 케어 후기 WCS 칼슘 마그네슘 <b>비타민D</b> 섭취시간 케어 후기 WCS 칼슘... 비타민 K2 유무 칼슘은 무조건 많이 먹는다고 좋은 게 아니라 어디에 정착하느냐가 중요해요. K2는 칼슘이... ,설.레.임,blog.naver.com/ggomo882,20260207,비타민D
오메가3 <b>비타민D</b> 효과 부작용 섭취방법,https://blog.naver.com/jasonmoondistri/224179087114,오메가3 <b>비타민D</b> 효과 부작용 섭취방법 오메가3 <b>비타민D</b> 효과 부작용 섭취방법 오메가3 <b>비타민D</b> 효과 부작용 섭취방법 오메가3 <b>비타민D</b> 효과 부작용 섭취방법 혈압 수치가 신경 쓰이기 시작하면서부터 “이제는... ,"꾸준한 한걸음, 오늘보다 나은 내일을 기대합니다.",blog.naver.com/jasonmoondistri,20260210,비타민D
<b>비타민D</b> 부족 온가족 뉴로랩스 <b>비타민D</b> 추천,https://blog.naver.com/54fany/224145509339,<b>비타민D</b>는 근육 기능 유지 면역세포 활성 염증 반응 조절 피로 회복 기분 안정 까지 관여하는 전신 호르몬에 가까운 비타민이었어요. 그래서 부족하면 쉽게 피로해지고 감기 잘 걸리고 근육통 잦고 기분도... ,꼬마왕자님과 놀고 먹고 즐기고,blog.naver.com/54fany,20260114,비타민D
<b>비타민D</b> 하루권장량 및 정상수치 뉴로랩스 <b>비타민D</b> 후기,https://blog.naver.com/ie_jima/224139369550,그리고 그때 처음으로 <b>비타민D</b> 정상수치라는 걸 제대로 보게 됐습니다. 보통 혈중 25(OH)D 기준으로 30ng/mL 이상을 정상으로 본다고 하더라고요. 제 수치는 그 기준에 한참 못 미쳤습니다. 이쯤 되니 이건 그냥... ,세여자 모시고 살기,blog.naver.com/ie_jima,20260109,비타민D
오메가3 <b>비타민D</b> 효능 복용법 섭취시간까지,https://blog.naver.com/mallangjuice/224182056508,오메가3 <b>비타민D</b> 효능 복용법 섭취시간까지 오메가3 <b>비타민D</b> 효능 복용법 섭취시간까지 오메가3 <b>비타민D</b> 효능 복용법 섭취시간까지 1. 초기 고민과 제품을 찾게 된 계기 최근 몇 달 사이에 생활 패턴이 크게... ,마마말랑의 뷰티 패션 블로그,blog.naver.com/mallangjuice,20260213,비타민D
<b>비타민D</b> 부족 증상 개선한 후기,https://blog.naver.com/dbsgmlx/224162946702,"저는 <b>비타민D</b>를 고를 때 비타민K2 함유 여부를 먼저 봤어요. D는 칼슘을 혈액으로 보내고, K2는 뼈로... <b>비타민D</b>와 같이 섭취했을 때 항산화 시너지가 난다고 해서, 성분은 D·K2·셀렌까지만 있는 구성이 좋았어요.... ",구니의 블로그,blog.naver.com/dbsgmlx,20260128,비타민D
WCS 칼슘 마그네슘 <b>비타민D</b> 섭취시간 복용방법 후기,https://blog.naver.com/liebecafe/224177673727,WCS 칼슘 마그네슘 <b>비타민D</b> 섭취시간 복용방법 후기 WCS 칼슘 마그네슘 <b>비타민D</b> 섭취시간 복용방법 후기... 비타민 K2 동반 여부 칼슘은 ‘얼마나 먹느냐’보다 ‘어떻게 활용되느냐’가 더 중요하다고 느꼈어요.... ,The Ashley House,blog.naver.com/liebecafe,20260209,비타민D
<b>비타민D</b> 4000 부족증상 및 하루 섭취량 기준 정리,https://blog.naver.com/gwf21/224170632810,"가장 먼저 확인한 건비타민K2가 함께 구성돼 있는지 여부였어요.<b>비타민D</b>가 칼슘을 혈액으로 이동시키는 역할을 한다면,K2는 그 칼슘이 뼈로 가도록 돕고혈관이나 연조직에 쌓이는 걸 줄여주는 쪽에... ",❤️MIN’s 의 다락방❤️,blog.naver.com/gwf21,20260203,비타민D
<b>비타민D</b> 부족 증상 뉴로랩스 <b>비타민D</b> 5000IU 고함량,https://blog.naver.com/pms415/224147745402,올리브오일을 부원료로 사용해 지용성 비타민인 <b>비타민D</b> 흡수를 도와준다는 설명도 납득이 됐고요. 무부형제 공법이라 불필요한 성분이 없는 것도 마음에 들었습니다. 섭취는 정말 간단했습니다. 하루 한 캡슐.... ,신나는 나의 인생,blog.naver.com/pms415,20260115,비타민D
<b>비타민D</b>4000 부족증상 권장량 섭취법 후기,https://blog.naver.com/an970405/224174304464,제품 선택 기준과 실제 복용 후 변화 과정 <b>비타민D</b> 제품 고를 때 가장 신경 쓴 건 성분 단순함이었어요. 불필요한 첨가물 최소화된 걸로 골랐고 비타민K2와 셀렌이 함께 들어간 뉴로랩스 덴시티아를... ,행복하고 행복하고 해피해♡,blog.naver.com/an970405,20260206,비타민D
<b>비타민D</b> 4000 부족증상 및 하루 섭취 기준,https://blog.naver.com/iqeqamy/224172118680,"① 비타민K2 포함 여부 <b>비타민D</b>는 칼슘 흡수에 관여하고, 비타민K2는 그 칼슘이 뼈 쪽으로 이동하는 과정에 관여한다고 알려져 있잖아요. 그래서 K2가 함께 포함돼 있는지, 그리고 화학용매가 아닌 초임계 추출... ",[구르미],blog.naver.com/iqeqamy,20260205,비타민D
오메가3 <b>비타민D</b> 효과 및 부작용 섭취방법 후기,https://blog.naver.com/kimhsky/224177810909,오메가3 <b>비타민D</b> 효과 및 부작용 섭취방법 후기 오메가3 <b>비타민D</b> 효과 및 부작용 섭취방법 후기 오메가3 <b>비타민D</b> 효과 및 부작용 섭취방법 후기 근래에 혈압 수치가 약간 상승해서 오메가3 <b>비타민D</b>를 같이... ,금당 이야기,blog.naver.com/kimhsky,20260209,비타민D
키즈영양제 추천받는다면 키즈<b>비타민D</b> 알아보는것도,https://blog.naver.com/yuhyoson/224145410373,"예전에는 키즈영양제나 키즈<b>비타민D</b>를 특별하게 생각하지 않았지만, 이제는 아이의 성장과 일상에 꼭... 그중에서도 가장 많이 언급되는 것이 키즈<b>비타민D</b>와 아연이었다. 요즘 아이는 학교와 학원을 오가며... ",포잡러의 리얼 현실 기록,blog.naver.com/yuhyoson,20260114,비타민D
칼슘 마그네슘 <b>비타민D</b> 복용시간 효능 먹는방법 정리,https://blog.naver.com/ggomo882/224170687964,"어골칼슘 기반 쌀 발효 마그네슘 천연 유래 <b>비타민D</b>3 비타민K2 포함 초임계 추출 + WCS 인증 이 조합이 가장 몸에 무리가 없었고, 복용 시 위장 불편도 없었어요. 마무리하며 건강은 불편함이 나타난 후에야 신경... ",설.레.임,blog.naver.com/ggomo882,20260204,비타민D
오메가3 <b>비타민D</b> 효능 섭취방법 복용시간,https://blog.naver.com/3_taste/224179004710,"오메가3 <b>비타민D</b> 효능 섭취방법 복용시간 오메가3 <b>비타민D</b> 효능 섭취방법 복용시간 오메가3 <b>비타민D</b> 효능 섭취방법 복용시간 오메가3 <b>비타민D</b> 효능 섭취방법 복용시간 시작은 ‘귀찮음’이었고, 계기가 된 생활... ",마블 일상탈출,blog.naver.com/3_taste,20260211,비타민D
<b>비타민D</b> 섭취방법 먹는 시간 복용한 이유,https://blog.naver.com/smekdbs/224177816613,"<b>비타민D</b> 섭취방법 먹는 시간 복용한 이유 안녕하세요 벨라킹 입니다 : ) 본 내용은 특정 질환 및 치료... 단순히 일이 많아서 그런가 싶었는데, 주변에서 “<b>비타민D</b> 부족일 수도 있다”는 이야기를 들으면서... ",벨라킹,blog.naver.com/smekdbs,20260209,비타민D
<b>비타민D</b> 4000 부족증상 및 섭취 기준 추천,https://blog.naver.com/sooheenam/224182738990,<b>비타민D</b> 4000 부족증상 및 섭취 기준 추천 <b>비타민D</b> 4000 부족증상 및 섭취 기준 추천 <b>비타민D</b> 4000 부족증상 및 섭취 기준 추천 #<b>비타민D</b>4000 #비타민부족증상 #<b>비타민D</b>추천,"⭐"" 그리움의 부동산개발 """,blog.naver.com/sooheenam,20260213,비타민D
<b>비타민D</b>3 2000IU vs 뉴로랩스 <b>비타민D</b> 5000IU,https://blog.naver.com/1524sck/224136720109,결핍 체감 경험 제가 <b>비타민D</b>를 본격적으로 의식하게 된 건 이유 없는 피로감 때문이에요. 잠을... 이때부터 단순 피로가 아니라 <b>비타민D</b> 부족일 수 있겠다는 생각이 들기 시작했어요. 건강검진에서... ,달콤한 긍정마을,blog.naver.com/1524sck,20260106,비타민D
<b>비타민D</b> 부족 증상 권장 섭취량과 주의사항,https://blog.naver.com/214318/224180511296,<b>비타민D</b> 부족 증상 권장 섭취량과 주의사항 살면서 한 번쯤은 필수 영양소로 <b>비타민D</b>에 대해서 들어보셨을 것 같아요. 실제 비타민 종류 중 하나인 D는 우리 몸에 필요한 영양소 중 하나로 다양한 역할을... ,산들푸름하늘맘의 흔한일상,blog.naver.com/214318,20260211,비타민D
"영양제추천 뉴트리가든핏 <b>비타민D</b>5000IU, 매일 챙기기 좋은... ",https://blog.naver.com/fds6051/224170201662,<b>비타민D</b>5000IU 쏘팔메토 옥타코사놀 마그네슘400 멀티비타민앤미네랄 철분엽산<b>비타민D</b> 멜라토닌앤테아닌 콘드로이친1200MBP 알부민정 한 번에 모두 챙기기보다 생활 패턴에 맞춰 하나씩 선택할 수 있어서 과하지... ,옥냥의 육아 한스푼,blog.naver.com/fds6051,20260203,비타민D
비타민디 효능 및 섭취량 음식 뉴로랩스 <b>비타민D</b> 추천,https://blog.naver.com/q1640/224136949879,제가 <b>비타민D</b>를 신경 쓰게 된 건 생각보다 사소한 계기였어요. 어느 날부터인지 이유 없이 몸이... 그때 문득 “<b>비타민D</b> 부족하면 이럴 수 있다”는 말이 떠올랐습니다. 그전까지는 <b>비타민D</b>를 뼈에만 좋은 영양소... ,워나맘네,blog.naver.com/q1640,20260107,비타민D
임산부 <b>비타민D</b> 권장량 및 수치 뉴로랩스 <b>비타민D</b>,https://blog.naver.com/guni_mom/224135022883,"#임산부<b>비타민D</b> #임산부<b>비타민D</b>권장량 #임산부<b>비타민D</b>수치 #뉴로랩스<b>비타민D</b> 본 내용은 특정 질환 및 치료 예방을 위한 의약품 정보가 아니며, 건강한 생활을 위한 일반적인 건강기능식품 정보입니다. 임신 후... ",일상의 생생한 기록,blog.naver.com/guni_mom,20260105,비타민D
오메가3 <b>비타민D</b> 효과 부작용 섭취방법 및 시간 정리,https://blog.naver.com/liebecafe/224180440749,오메가3 <b>비타민D</b> 효과 부작용 섭취방법 및 시간 정리 오메가3 <b>비타민D</b> 효과 부작용 섭취방법 및 시간 정리 [목차] 1. 혈압 경고 이후 시작한 오메가3 <b>비타민D</b> 2. 복용 초기에 느낀 몸의 반응 3. 3개월 후 달라진... ,The Ashley House,blog.naver.com/liebecafe,20260212,비타민D
"<b>비타민D</b>5000IU 뉴트리가든핏 건강기능식품, 결핍 직장인 찐후기",https://blog.naver.com/skcsy59/224164515230,비타민 원료사 중에서도 명품 중의 명품이라는 120년 전통 DSM사의 스위스산 원료를 썼더라고요. 게다가 <b>비타민D</b> 5000IU 초고함량이에요. 가성비 제품이라고 해서 원료까지 타협하지 않았다는 점이 진짜 마음에... ,블로거 아빠는 육아 중,blog.naver.com/skcsy59,20260130,비타민D
고용량<b>비타민D</b> 영양제 추천(<b>비타민D</b>5000IU),https://blog.naver.com/hangkook77/224174370497,"비타민 영양제를 꾸준히 챙기기 시작한 지 꽤 되었는데, 최근에는 자연스럽게 <b>비타민D</b>5000IU 제품을 찾아보고 있었어요. 원래는 낮은 용량의 비타민을 가볍게 먹고 있었는데 생활 패턴이 바뀌면서 조금 더... ",Burning Heart,blog.naver.com/hangkook77,20260206,비타민D
셀가 <b>비타민d</b>3 100% 유기농 <b>비타민d</b> 영양제 1000IU 선택 기준,https://blog.naver.com/alley1980/224177376522,단일성분 <b>비타민d</b>3 처음에는 종합비타민만 먹으면 되겠지 싶었어요. 그런데 그 안에 들어 있는 <b>비타민d</b> 용량이 얼마 안되더라고요. 그래서 따로 단일 <b>비타민d</b> 영양제 먹는 필요성을 알게 되었어요. 그런데... ,고고씨네 소소한 일상,blog.naver.com/alley1980,20260209,비타민D
칼마디 영양제 칼슘 마그네슘 <b>비타민D</b> 먹어본 후기,https://blog.naver.com/ggomo882/224179411271,"마그네슘, <b>비타민D</b> 제품은 정말 다양합니다. 막연히 유명세나 후기만 믿고 선택하기보다는, 이번에는 기준을 철저히 세우고 항목별로 꼼꼼히 비교했습니다. ㄱ. 비타민 K2 포함 여부 칼슘을 무작정 많이 먹는... ",설.레.임,blog.naver.com/ggomo882,20260211,비타민D
칼마디 영양제 칼슘 마그네슘 <b>비타민D</b> 복용법,https://blog.naver.com/lacto500/224155588341,"칼마디 영양제는 말 그대로 칼슘(Ca), 마그네슘(Mg), <b>비타민D</b>(Vitamin D)를 함께 담은 복합 미네랄 영양제입니다. 칼슘은 뼈와 치아의 주성분으로 골밀도 유지에 필요하고, 마그네슘은 근육 이완과 신경 전달에... ",락토약사의 영양 케어,blog.naver.com/lacto500,20260122,비타민D
<b>비타민D</b> 추천 및 <b>비타민D</b> 효능 확인이유,https://blog.naver.com/simjaetaro7/224140876890,<b>비타민D</b>를 챙기게 된 계기는 정말 사소한 불편함에서 시작됐어요. 어느 순간부터 특별히 아픈 곳은... 그때 문득 “<b>비타민D</b>가 부족하면 이럴 수 있다”는 말이 머릿속을 스쳤습니다. 그전까지는 <b>비타민D</b>를 뼈에만... ,귤옹이의 ㅇ 아루,blog.naver.com/simjaetaro7,20260109,비타민D
오메가3 <b>비타민D</b> 섭취시간 및 고르는방법 정리,https://blog.naver.com/smekdbs/224173152219,"오메가3<b>비타민 D</b>를 왜 함께 챙기는지 언제 먹는 게 내 생활에 가장 잘 맞는지를 기준으로 정리해봤어요!... (이게 가장 중요한 포인트) 오메가3 + 비타민 E,D 구성 의미 비타민E가 등장하는 이유는 단순한 덧붙임이... ",벨라킹,blog.naver.com/smekdbs,20260205,비타민D
칼슘 마그네슘 <b>비타민D</b> 복용시간 효능 섭취방법,https://blog.naver.com/gwf21/224169260172,칼슘 마그네슘 <b>비타민D</b> 복용시간 효능 섭취방법 칼슘 마그네슘 <b>비타민D</b> 복용시간 효능 섭취방법 칼슘... 비타민K2 포함 여부 칼슘은 단순히 양을 늘리는 것보다 몸 안에서 어디로 향하는지가 더 중요하다는... ,❤️MIN’s 의 다락방❤️,blog.naver.com/gwf21,20260202,비타민D
<b>비타민D</b>영양제추천 기준 부작용 걱정 없이 챙기는 방법,https://blog.naver.com/214318/224180477146,현대인들에게 필요한 <b>비타민D</b> 가장 먼저 <b>비타민D</b>의 경우에는 뼈 건강 관리를 대표하는 비타민으로만 알려져 있지만 실제 흐로믄 전구체로 분류가 될 만큼 전신에 다양한 기능에 관여하는 특징을 가지고... ,산들푸름하늘맘의 흔한일상,blog.naver.com/214318,20260211,비타민D
"<b>비타민D</b>결핍 때문에 찾게 된 나의 선택, 비타도스D 솔직 후기",https://blog.naver.com/oldskill/224178991577,"비타민을 매일 챙기는 건 생각보다 까다롭지만, 이렇게 간편한 구조라면 <b>비타민D</b>결핍 관리 루틴을 유지하기 훨씬 쉬워진다는 걸 느꼈어요. 여러 제품을 비교하면서 내가 중요하게 본 기준은 가격, 원료, 제조... ",벼리님,blog.naver.com/oldskill,20260210,비타민D
오메가3 <b>비타민D</b> 효과 부작용 섭취방법 총정리,https://blog.naver.com/minmm86415/224182752459,오메가3 <b>비타민D</b> 효과 부작용 섭취방법 총정리 오메가3 <b>비타민D</b> 효과 부작용 섭취방법 총정리 &lt;목차&gt; 1. 혈압 신호를 느끼고 루틴을 고민한 계기 2. 부담 없이 유지한 섭취 방식 3. 3개월 기록에서 보인 변화 흐름 4.... ,다시육아,blog.naver.com/minmm86415,20260213,비타민D
<b>비타민D</b> 함유 음식 많은 식품 과일 결핍 부족증상,https://blog.naver.com/ichat/224181607353,햇빛을 받으면 피부에서 자연스럽게 합성되기 때문에 '햇빛 비타민'이라고도 불리죠. 2022년 대한내분비학회 연구에 따르면 한국 성인의 약 70%가 <b>비타민D</b> 부족 상태라고 해요. 실내 생활이 늘어나면서... ,제철건강 노트,blog.naver.com/ichat,20260212,비타민D
"이석증, 실패 없는 <b>비타민 D</b> 선택법과 올바른 섭취 요령",https://blog.naver.com/rising_bonnie/224181272219,흡수율을 높이는 오일 타입 <b>비타민 D</b>는 지용성 비타민이다. 따라서 가루나 정제보다는 식물성 오일에 녹아있는 액상 캡슐(소프트젤) 형태가 체내 흡수에 유리하다. 첨가물 유무 확인 이산화규소... ,Fortune Bonnie,blog.naver.com/rising_bonnie,20260212,비타민D
신생아 영양제 언제부터 <b>비타민D</b> 유산균 추천 이유,https://blog.naver.com/ulsune/224146276265,"특히 <b>비타민D</b>랑 유산균은 주변에서도 많이들 먹이고 있다고 해서 괜히 마음이 쓰였고요. 그래서 오늘은 신생아 영양제는 언제부터 고민해 보면 좋은지, 그리고 여러 영양제 중에서도 왜 <b>비타민D</b>와 유산균을 가장... ",울수네 신혼집 이야기,blog.naver.com/ulsune,20260115,비타민D
영양제추천 뉴트리가든핏 <b>비타민D</b>5000IU 비싸지 않아도 좋은... ,https://blog.naver.com/tjrkfka87/224164888447,"쏘팔메토옥타코사놀, 마그네슘400, 멀티비타민앤미네랄, 철분엽산<b>비타민D</b>, 멜라토닌앤테아닌, 콘드로이친1200MBP, 알부민정까지 라이프스타일에 따라 선택할 수 있어요. 필요한 것만 골라서 먹을 수 있으니... ",세딸과함께 행복을 만드는 일상,blog.naver.com/tjrkfka87,20260130,비타민D
<b>비타민D</b>4000 대신 <b>비타민D</b>5000 제품 선택한 이유,https://blog.naver.com/ljw218/224156005958,"제가 영양제를 꾸준히 챙긴 지는 꽤 되는데, 그중에서도 가장 신경 쓰는 제품이 <b>비타민D</b>4000이었어요. 출퇴근 시간이 애매하고, 햇빛을 제대로 볼 시간이 거의 없다 보니 자연스럽게 <b>비타민D</b>4000을 계속... ",카페요아정 청주용암점,blog.naver.com/ljw218,20260122,비타민D
오메가3<b>비타민D</b> 복용법 섭취시간 고르는 기준 총정리,https://blog.naver.com/1004eihwa/224156147058,"오메가3 + 비타민 E,D 효과 갑자기 비타민E가 왜 나오냐는 질문이 나올 거 같은데 사실 <b>비타민D</b>보다도 중요한 게 바로 비타민E이다 오메가3는 불포화지방산이라 공기, 빛, 열에 노출되면 산화되기 쉬운 성질을... ",새콤달콤 새달이네,blog.naver.com/1004eihwa,20260122,비타민D
<b>비타민D</b> 4000 부족증상 및 하루 섭취 기준 확인,https://blog.naver.com/ggomo882/224174969968,막상 <b>비타민D</b>를 섭취하기로 마음먹고 나면 제품 선택이 고민이 되죠. 저는 영양제 선택 시 단순히 함량만 보지 않았어요. 다음 여섯 가지 기준을 우선순위로 삼았습니다. ㄱ. 비타민K2 동시 함유 여부. 칼슘이... ,설.레.임,blog.naver.com/ggomo882,20260207,비타민D
유기농 <b>비타민d</b> 추천 셀가 1000iu 임산부 권장량 알아봤어요,https://blog.naver.com/ddae0203/224160414895,임산부 <b>비타민d</b> 권장량은? 1000iu 단일성분 셀가 후기 임신 후 엄마의 몸 관리와 태아의 성장을 위해 꼭... 단일 비타민제라고 하더라도 주 성분 외에 추가 성분이 들어있는 경우가 많기도 하고요 과다섭취... ,"아이와 함께하는 기록,",blog.naver.com/ddae0203,20260126,비타민D
오메가3 <b>비타민D</b> 효과 효능 부작용 정리,https://blog.naver.com/simjaetaro7/224176970363,필요한지 <b>비타민D</b>를 왜 챙기는지 크게 마음 쓰지 않고 지내왔어요. 그런데 건강검진 결과지에서 빨간... 혈압 수치가 오르기 전까지는 오메가3가 왜 필요한지 <b>비타민D</b>를 왜 챙기는지 크게 마음 쓰지 않고... ,귤옹이의 ㅇ 아루,blog.naver.com/simjaetaro7,20260209,비타민D
칼슘 마그네슘 <b>비타민D</b> 복용시간 효능 섭취시간 확인하기,https://blog.naver.com/liebecafe/224171980595,칼슘 마그네슘 <b>비타민D</b> 복용시간 효능 섭취시간 확인하기 칼슘 마그네슘 <b>비타민D</b> 복용시간 효능... 제품 선택 시 중요하게 본 기준들 ① 비타민K2 포함 여부 칼슘은 단순히 많이 섭취하는 것보다 어디로... ,The Ashley House,blog.naver.com/liebecafe,20260205,비타민D
"<b>비타민D</b> 뉴로랩스 D3 5000IU 추천 영양제 ( 결핍, 부족 )",https://blog.naver.com/gwf21/224152382606,"작게는 2~3만원짜리 종합비타민부터 유명하다는 피로영양제, 마그네슘, 홍삼, 비타민C, 온갖 걸 다... 몇달동안 <b>비타민D</b> 결핍, 햇빛, 25(OH)D 수치까지 자료를 뒤지고 논문을 찾아보고 정리하기 시작했다. 그중에서... ",❤️MIN’s 의 다락방❤️,blog.naver.com/gwf21,20260119,비타민D
임산부 영양제 셀가 유기농 <b>비타민D</b> 효능 및 하루섭취량,https://blog.naver.com/hami_1209/224169101914,"임산부영양제 셀가 유기농 <b>비타민D</b> 효능 및 하루섭취량 글, 사진 육아인플루언서 ⓒ꼬맘마 안녕하세요... 이번에 임신한 지인이 영양제를 알아보기에 기본이자 중요한 <b>비타민D</b>에 대해 다시 한번 꼼꼼히... ",자매가 머무는 공간,blog.naver.com/hami_1209,20260202,비타민D
오메가3 <b>비타민D</b> 효능 복용방법 섭취시간,https://blog.naver.com/m_l_93/224177739251,"오메가3 <b>비타민D</b> 효능 복용방법 섭취시간 오메가3 <b>비타민D</b> 효능 복용방법 섭취시간 오메가3 <b>비타민D</b> 효능 복용방법 섭취시간 오메가3 <b>비타민D</b> 효능 복용방법 섭취시간 1. 시작은 귀찮음이었고, 계기가 된 생활... ",메롱 같은 블로그,blog.naver.com/m_l_93,20260209,비타민D
<b>비타민D</b> 추천 및 <b>비타민D</b> 효능 흡수율 확인,https://blog.naver.com/king3799/224143671433,"③ 과하지 않은 1,000~2,000IU 함량 <b>비타민D</b>는 지용성 비타민이기 때문에 많이 먹는다고 무조건 좋은 것은 아닙니다. 일반 성인 기준으로는 1,000~2,000IU 정도면 충분하며, 이 범위가 가장 안전하게 꾸준히 섭취할 수... ",싱글벙글 소리 Story,blog.naver.com/king3799,20260112,비타민D
<b>비타민D</b> 부족 증상 대처한 후기,https://blog.naver.com/jasonmoondistri/224170449519,"가장 먼저 본 건 비타민K2 함유 여부였어요. <b>비타민D</b>는 칼슘 흡수와 관련이 있고, K2는 그 칼슘이 뼈로... 미네랄로, <b>비타민D</b>와 함께 섭취했을 때 전반적인 밸런스 관리에 도움이 될 수 있다고 해서 구성은 D·K2... ","꾸준한 한걸음, 오늘보다 나은 내일을 기대합니다.",blog.naver.com/jasonmoondistri,20260204,비타민D
<b>비타민D</b>효능 및 햇빛 하루 몇시간? 음식 이것 이만큼 드세요,https://blog.naver.com/aldus_06/224176920393,"<b>비타민D</b>는 뼈 건강을 넘어 우리 몸의 다양한 대사 과정에 관여하는 필수 영양소인데요. 햇빛을 통해... 이번 글에서는 <b>비타민D</b>의 주요 효능과 함께 일상에서 실천 가능한 보충 방법(햇빛,음식,영양제) 및 하루... ",텃밭연구소,blog.naver.com/aldus_06,20260209,비타민D
<b>비타민D</b> 섭취방법 및 먹는시간 복용요령,https://blog.naver.com/jeongjuhyunj/224179102731,"1) <b>비타민D</b>는 “언제” 먹는 게 핵심이더라 <b>비타민D</b>는 지용성(기름에 잘 녹는) 비타민이라, 공복보다는 식사와 함께 섭취할 때 흡수 측면에서 유리하다는 설명이 많아요. 제가 루틴을 잡을 때도 결론은... ",나는 성공한다.,blog.naver.com/jeongjuhyunj,20260210,비타민D
<b>비타민D</b> 부족 증상 뉴로랩스 <b>비타민D</b> 5000IU 결핍 극복기,https://blog.naver.com/king3799/224161379398,<b>비타민D</b>는 지용성 비타민이라 기름진 음식과 함께 먹었을 때 <b>비타민D</b> 흡수율이 훨씬 높아진다고 하더라고요. 뉴로랩스 <b>비타민D</b> 5000IU는 캡슐 사이즈가 적당해서 목 넘김이 편하다는 게 큰 장점이었습니다. 평소... ,싱글벙글 소리 Story,blog.naver.com/king3799,20260127,비타민D
<b>비타민D</b> 부족 증상 뉴로랩스 5000IU 추천,https://blog.naver.com/sooheenam/224181362177,<b>비타민D</b>는 지용성 비타민이라 체내에 축적될 수 있기 때문에 필요 이상으로 오래 먹기보다는 상태에 맞게 조절하는 관리가 중요하다고 느꼈어요. 또 하나 알게 된 점은 <b>비타민D</b>는 공복보다는 식사 후에... ,"⭐"" 그리움의 부동산개발 """,blog.naver.com/sooheenam,20260212,비타민D
<b>비타민D</b> 부족증상과 보충방법 알아보기,https://blog.naver.com/gwf21/224135472334,"<b>비타민D</b> 부족 신호, 가볍게 넘기면 안 되는 이유 부족 관리 방법과 음식으로 채우는 루틴 이야기 요즘... 이 외에도 비타민이 강화된 우유나 오렌지 주스를 선택하는 것도 작은 실천이 될 수 있겠죠. 마무리... ",❤️MIN’s 의 다락방❤️,blog.naver.com/gwf21,20260105,비타민D
<b>비타민D</b> 부족 증상 5000IU 건강기능식품 뉴트리가든핏,https://blog.naver.com/jiyea_junjin/224170697862,1일 1정으로 간편하게 챙겨주면 되고 심지어 사이즈도 작고 귀여워서 손이 잘갑니다 <b>비타민D</b> 125UG와 비타민E 3.3mg a-TE 아연 2.6mg 성분들이라 햇빛 에너지를 충전해주면서 뼈 건강도 함께 챙겨줄수있는 귀여운... ,"햅삐한, hipzzi 라이프",blog.naver.com/jiyea_junjin,20260203,비타민D
<b>비타민D</b> 부족 증상 관리와 섭취 후기,https://blog.naver.com/mallangjuice/224182064462,"성분이 지나치게 많기보다는 <b>비타민D</b>· 비타민K2·셀렌 정도로 정리된 구성이 오히려 깔끔하고 현실적으로 느껴졌습니다. ③ 함량 기준 고함량이 무조건 좋은 것은 아니라고 판단했습니다. 1,000~2,000IU 범위... ",마마말랑의 뷰티 패션 블로그,blog.naver.com/mallangjuice,20260213,비타민D
<b>비타민D</b> 부족 가족과 함께 <b>비타민D</b> 추천,https://blog.naver.com/gwf21/224160789734,"<b>비타민D</b> 결핍을 떠올리게 된 계기 시작은 아주 사소했어요. 가족 건강검진 결과를 한 번에 확인하게 됐는데, 저뿐 아니라 남편, 그리고 아이까지 <b>비타민D</b> 수치가 모두 기준 아래로 표시돼 있더라고요. 정상... ",❤️MIN’s 의 다락방❤️,blog.naver.com/gwf21,20260126,비타민D
뉴로랩스<b>비타민D</b> 5000IU 하루 한 캡슐로 채우는 <b>비타민D</b>... ,https://blog.naver.com/sanghan1990/224162664503,"<b>비타민D</b>는 지용성 비타민이기 때문에 지방과 함께 섭취했을 때 흡수가 잘 된다고 알려져 있는데, 이 부분을 제품 설계에서부터 신경 쓴 느낌이 들었습니다. 캡슐 크기도 작아 목 넘김이 편했고, 매일 챙겨... ",페어리스 글로벌 리뷰&노트,blog.naver.com/sanghan1990,20260128,비타민D
<b>비타민D</b> 결핍 뉴로랩스 <b>비타민D</b> 5000iu 섭취후기,https://blog.naver.com/xgxg0667/224162852859,실제로 주변에서도 비타민 부족 이야기를 많이 하길래 이번에 뉴로랩스 <b>비타민D</b> 5000iu를 좋은기회로 직접 섭취해보게 되었어요!!! <b>비타민D</b> 결핍은 막연히 내 이야기는 아닐거라 생각했는데... 솔직히 생각해보면... ,작은방 올리브집 지니가 사는 세상,blog.naver.com/xgxg0667,20260128,비타민D
돌아기 유산균 <b>비타민D</b> 유아성장통 극복을 위해 필수적인 이유,https://blog.naver.com/nature_food/224173973690,-<b>비타민D</b> 선택기준 아기 유기농 <b>비타민D</b> <b>비타민D</b>를 고를 때는 가장 먼저 아기 유기농 <b>비타민D</b> 형태인지 부터 확인해야 합니다. 어린 아기들이 먹는 비타민디인만큼 합성비타민 등 가공된 성분이 들어가지... ,푸드케어 클레,blog.naver.com/nature_food,20260210,비타민D
<b>비타민D</b> 4000 5000IU 뉴로랩스 <b>비타민D</b> 추천,https://blog.naver.com/camizo/224168462793,결핍 #<b>비타민D</b>권장량 #<b>비타민D</b>하루섭취량 #<b>비타민D</b>복용법 #<b>비타민D</b>섭취시간 #<b>비타민D</b>과다복용 #<b>비타민D</b>부작용 #<b>비타민D</b>음식 #<b>비타민D</b>영양제 #<b>비타민D</b>주사 #<b>비타민D</b>흡수율 #비타민DK2 #<b>비타민D</b>칼슘,★빠블리부부의 라라캠핑★,blog.naver.com/camizo,20260202,비타민D
<b>비타민D</b> 부족 증상 5000IU 뉴로랩스 추천,https://blog.naver.com/mungreo/224149127737,"#<b>비타민D</b> #뉴로랩스 #<b>비타민D</b>3 #<b>비타민D</b>5000IU #<b>비타민D</b>추천 #<b>비타민D</b>결핍 #<b>비타민D</b>부족 본 내용은 특정 질환 및 치료 예방을 위한 의약품 정보가 아니며, 건강한 생활을 위한 일반적인 건강기능식품 정보입니다.... ",MONG.REO,blog.naver.com/mungreo,20260116,비타민D
<b>비타민D</b> 풍부한 식품 BEST 8 (천연<b>비타민D</b>추천),https://blog.naver.com/aldus_06/224177235562,100g당 약 1.1µg ~ 1.3µg의 <b>비타민D</b>가 들어 있으며 철분과 비타민 B12도 풍부해 빈혈 예방에 효과적입니다. 다만 비타민 A 함량이 매우 높아 과도하게 섭취할 경우 몸에 부담을 줄 수 있으므로 적당량을 조절하며... ,텃밭연구소,blog.naver.com/aldus_06,20260209,비타민D
돌아기 유산균 <b>비타민D</b> 듀오락 듀오 디 드롭스 추천해요,https://blog.naver.com/m_l_93/224140845592,돌아기 유산균 <b>비타민D</b> 듀오락 듀오 디 드롭스 돌시기가 지나면서 이유식을 본격적으로 시작하니까 또... 그래서 신생아 때 먹이던 유산균을 계속 먹여도 괜찮은지 <b>비타민D</b>도 함께 챙겨야 하는 건지 돌아기... ,메롱 같은 블로그,blog.naver.com/m_l_93,20260110,비타민D
신생아 유산균 <b>비타민D</b> 추천 아기 유기농 <b>비타민d</b> 선택법 정리,https://blog.naver.com/nature_food/224151876347,식품첨가물/합성원료가 일체 함유되지 않은 순수 유기농 <b>비타민D</b> 오일 원료가 함유되어 있는 것이 중요합니다. *아기 비타민디 드롭에 융해의 용이성을 위해 함유되는 MCT 오일은 한 번 가공 과정을 거쳤기에... ,푸드케어 클레,blog.naver.com/nature_food,20260121,비타민D
<b>비타민D</b> 하루 권장량 <b>비타민D</b>5000IU 뉴트리가든핏... ,https://blog.naver.com/dstarline/224177609236,"뉴트리가든 핏 <b>비타민D</b>5000IU 5,000원으로 건강한 하루 시작하세요. 더 자세한 정보는 아래 링크에서 확인해 보세요! [뉴트리가든Fit] <b>비타민D</b> 5000IU 고함량 비타민 항산화 뼈건강 : 네이처가든 공식스토어",비버의건강학개론,blog.naver.com/dstarline,20260209,비타민D
<b>비타민D</b> 하루권장량 효능 선택 방법 및 기준 가이드,https://blog.naver.com/positvie91ife/224173144670,"<b>비타민D</b>가 칼슘을 혈액으로 보내면 비타민K2가 그 칼슘을 올바르게 뼈로 보내주는 성분이기 때문이다. 그래서 두 성분이 함께 있으면 도움이 되겠다 싶었고, 이때 비타민K2는 초임계 추출이라 안전한지... ",글라이딩 브릿지,blog.naver.com/positvie91ife,20260205,비타민D
"<b>비타민D</b> 추천,임산부도 먹기좋은 헬퓨비건 식물성 비타민디",https://blog.naver.com/culdy_/224172740489,"만성피로에 시달리는 내게 구세주처럼 나타만 헬퓨비건 <b>비타민D</b>.헬퓨비건 비타민디는 하루 한 캡슐로 2000U를 섭취할 수 있는 고함량이다. 무엇보다 일반 비타민디는 동물성 원료가 많은데, 이 제품은... ",오늘의 행복은 식탁위에,blog.naver.com/culdy_,20260205,비타민D
임산부 <b>비타민D</b> 맘스포뮬러 칼마디 솔직 리뷰,https://blog.naver.com/lejung402/224172939272,"그런데 맘스포뮬러 칼마디는 칼슘, 마그네슘, <b>비타민D</b>, 비타민K가 모두 들어 있는 4 in 1 복합 기능성 영양제라서 따로따로 챙기지 않아도 된다는 점이 정말 편하고 좋더라고요. 특히 임산부 <b>비타민D</b> 제품을... ",두 아이 엄마의 포근한 집,blog.naver.com/lejung402,20260205,비타민D
<b>비타민D</b> 결핍을 해결하는... “헬퓨 비건 임산부를 위한 비타민”,https://blog.naver.com/dal8dal/224182851314,헬퓨 비타민은 단순한 <b>비타민D</b> 보충제 이상의 환경적 가치를 강조한다고 해요 업사이클링 과정 활용해서 소나무 유래 <b>비타민D</b>는 기존 산업 공정에서 발생하는 식물성 부산물을 활용해 만든 경우가 많은데... ,La Floraison,blog.naver.com/dal8dal,20260213,비타민D
<b>비타민D</b> 부족 증상 뉴로랩스 <b>비타민D</b> 5000IU 후기,https://blog.naver.com/tmvlem5070/224152515471,#<b>비타민D</b>부족증상 #뉴로랩스<b>비타민D</b> #<b>비타민D</b>5000IU <b>비타민D</b> 부족 증상 뉴로랩스 <b>비타민D</b> 5000IU 후기 <b>비타민D</b> 부족 증상 뉴로랩스 <b>비타민D</b> 5000IU 후기 <b>비타민D</b> 부족 증상 뉴로랩스 <b>비타민D</b> 5000IU 후기 예전에는 하루... ,그래도 해야지 어떻게 해,blog.naver.com/tmvlem5070,20260120,비타민D
"어른, 청소년영양제 <b>비타민D</b> 구입",https://blog.naver.com/pkssunny/224162709974,포장도 잘 되어 왔구요 배송도 빨랐어요 제가 구입한 <b>비타민D</b>영양제는 다나음 <b>비타민D</b>3 2000IU 츄어블 연질캡슐로 씹어서 먹기 가능 맛도 오렌지맛으로 괜찮더라구요 물없이 섭취가능한 비타민이라 먹기... ,봉봉맘의 소소한 일상 맛집 기록하기,blog.naver.com/pkssunny,20260128,비타민D
"임산부 <b>비타민D</b>, 원료부터 다시 보게 된 이유",https://blog.naver.com/sanghan1990/224167329469,"가성비 비타민을 찾는 분 헬퓨 비건 <b>비타민D</b>3 2000IU는 단순히 함량만 강조한 제품이라기보다는, 원료·안전성·환경·가격까지 균형 있게 고민한 비타민이라는 인상이 강했습니다. 꾸준히 섭취해야 하는 제품인... ",페어리스 글로벌 리뷰&노트,blog.naver.com/sanghan1990,20260201,비타민D
아기유산균<b>비타민D</b> 닥터프로그램 베이비 유산균 올인원 플러스,https://blog.naver.com/dorrirri/224176612458,"유아기 성장 발달에 도움을 주는 아연, <b>비타민D</b>, 비타민C까지 들어있어서 다른 영양제 챙길 필요없이 하나로 간편하게 하루 건강을 챙길 수 있으니 엄마도 너무 편하고 좋아요 ㅎㅎ 일단 아이가 잘 먹어야하니까... ",time to blossom,blog.naver.com/dorrirri,20260209,비타민D
"[센트럴팜]액상<b>비타민D</b> 1위 브랜드, 닥터썬데이 베이비",https://blog.naver.com/qhfka3465/224177955436,[내용 출처: MERCOLA] 그런데 닥터 썬데이 D 베이비는 활성형 <b>비타민D</b>(D3)를 사용해서 체내 흡수율도... #센트럴팜 #<b>비타민D</b> #뼈건강 #1일1방울 #12개월분 #액상비타민 #아기비타민 #닥터썬데이베이비 #닥터선데이... ,라미네 놀이터,blog.naver.com/qhfka3465,20260209,비타민D
<b>비타민D</b> 수치 낮으면 피로가 쌓이는 이유,https://blog.naver.com/g_life-/224168340649,<b>비타민D</b> 결핍은 피로·우울감·면역력 저하로 이어진다. <b>비타민D</b> 수치가 낮을 때 나타나는 몸의 변화를 권장량 기준으로 정리한다. <b>비타민D</b> 수치 낮으면 몸이 먼저 반응한다 잠을 자도 피곤하고 이유 없이... ,각종 생활 라이프 정보요정,blog.naver.com/g_life-,20260207,비타민D
<b>비타민D</b>결핍 검사 후 선택 헬퓨 비건 <b>비타민D</b>3 2000IU 후기,https://blog.naver.com/lovedkgus3/224168601188,"<b>비타민D</b>결핍 때문에 찾은 비타민 식물성 + 청정 육상 원료 업사이클링으로 환경까지 생각 작은 알약 + 1일 1회 간편함 <b>비타민D</b> 꾸준히 챙겨야 하는 분들, 특히 <b>비타민D</b>결핍 걱정되시는 분들께 헬퓨 비건... ",율율이네 하루,blog.naver.com/lovedkgus3,20260205,비타민D
<b>비타민D</b> 효능 <b>비타민D</b>3 비타민디 뉴로랩스,https://blog.naver.com/mistuki07/224165678860,맑고 청량한 햇살을 볼 일이 없는데 이렇게 하루에 한알 간단하게 섭취하는 <b>비타민D</b>로 건강을 챙기면 좋을것 같다! 뉴로랩스 <b>비타민D</b> <b>비타민D</b>3 비타민디 꾸준한 섭취만이 건강을 챙기는 지름길이라고 생각함!,서쪽의 웨스트에서 불어오는 바람의 윈드,blog.naver.com/mistuki07,20260203,비타민D
미국 아마존1위 메리루스 <b>비타민D</b>구미 후기 솔직후기,https://blog.naver.com/moood_type/224176442051,계시는 분들에게 무조건 추천해주고 싶은 제품이에요. 다들 하루 1알로 <b>비타민D</b> 챙겨보도록 해요. #구미비타민 #메리루스 #맛있는비타민 #젤리비타민 #어린이<b>비타민D</b> #비타민구미 #비타민젤리 #비건비타민구미,moood_type,blog.naver.com/moood_type,20260208,비타민D
뉴로랩스 <b>비타민D</b> 5000IU 고함량 3+1 이벤트,https://blog.naver.com/joccund/224151115475,DSM사는 철저한 품질 관리와 위생 관리로 Quali-D 인증 마크를 획득한 스위스 기업이에요. 뉴로랩스... <b>비타민D</b>부작용 #<b>비타민D</b>음식 #<b>비타민D</b>영양제 #<b>비타민D</b>주사 #<b>비타민D</b>흡수율 #비타민DK2 #<b>비타민D</b>칼슘,joccund님의 블로그,blog.naver.com/joccund,20260119,비타민D
임산부 영양제 꼭 먹어야하는 활성엽산 <b>비타민D</b> 추천제품,https://blog.naver.com/12ssuun/224173123814,그리고 다음은 <b>비타민D</b> 2000IU 저는 비타민디 2000IU 수치를 가진 제품을 섭취하고 있어요 칼슘 흡수를 도와줘서 태아의 뼈와 치아 형성에 직접적인 영향을 준다고 해요 태아는 물론 산모의 뼈 건강에도 도움을... ,쑤우니 데일리 뷰티,blog.naver.com/12ssuun,20260205,비타민D
<b>비타민D</b>추천 씹어먹는츄어블 <b>비타민D</b>3K2,https://blog.naver.com/dksdbsgml0/224180155169,비타민추천 <b>비타민D</b>추천 오늘은 제주 감귤 과즙분말로 새콤달콤 맛있어서 아이부터 어른들까지 맛있게 먹을 수 있는 <b>비타민D</b>추천 해드리러 왔어요 - ♀️ 제가 먹어 보게 된 <b>비타민D</b>는 리즈파이 <b>비타민D</b>3K2... ,ღ윤블리의 일상ღ,blog.naver.com/dksdbsgml0,20260211,비타민D
뉴로랩스 <b>비타민D</b> 추천 결핍 부족 고함량 5000IU,https://blog.naver.com/einkron/224161375588,결핍 #<b>비타민D</b>권장량 #<b>비타민D</b>하루섭취량 #<b>비타민D</b>복용법 #<b>비타민D</b>섭취시간 #<b>비타민D</b>과다복용 #<b>비타민D</b>부작용 #<b>비타민D</b>음식 #<b>비타민D</b>영양제 #<b>비타민D</b>주사 #<b>비타민D</b>흡수율 #비타민DK2 #<b>비타민D</b>칼슘,여미율맘,blog.naver.com/einkron,20260127,비타민D
영양제 추천 <b>비타민D</b>5000IU 뉴트리가든핏 건강기능식품... ,https://blog.naver.com/rmagml04/224170299480,"집중하면서 <b>비타민D</b>와 항산화 비타민E는 물론이고 정상적인 면역기능에 도움이 될 수 있는 아연까지 담고 있어요 야외활동 부족해 <b>비타민D</b> 섭취가 부족하거나 고밀도 및 뼈가 약한 여성분들, 칼슙 흡수율이... ",강방블로그,blog.naver.com/rmagml04,20260203,비타민D
칼슘 마그네슘 비율까지 신경 쓴 임산부 <b>비타민D</b> 맘스포뮬러... ,https://blog.naver.com/kmj930/224157109084,"설명처럼, 맘스포뮬러 칼마디는 임신기간내내, 그리고 출산하고까지 꾸준히 챙기면 좋을 것 같아서 저도 잘 챙겨 먹어보려구요. :-) 맘스포뮬러 칼마디 칼슘 마그네슘 <b>비타민D</b> 비타민K 임산부 칼슘제 : 맘스포뮬러",아기와 함께하는 즐거운 나들이,blog.naver.com/kmj930,20260123,비타민D
"<b>비타민D</b> 부족, 뉴로랩스 5000IU 섭취 후기",https://blog.naver.com/hyoeth/224171456043,"게다가 스테아린산 마그네슘이나 이산화규소, 착생료, 합성향료가 들어가지 않아서 건강한 <b>비타민D</b>를 섭취하기 좋았습니다. 영양제나 비타민 등을 섭취 할 때는 어느 타이밍에 섭취하는 것이 좋을지 늘... ",당신의 'IF'는?,blog.naver.com/hyoeth,20260204,비타민D
"<b>비타민D</b> 추천 영양제 ( 결핍, 부족증상, 뉴로랩스 ) 온가족 함께... ",https://blog.naver.com/arsoap/224160037729,결핍 #<b>비타민D</b>권장량 #<b>비타민D</b>하루섭취량 #<b>비타민D</b>복용법 #<b>비타민D</b>섭취시간 #<b>비타민D</b>과다복용 #<b>비타민D</b>부작용 #<b>비타민D</b>음식 #<b>비타민D</b>영양제 #<b>비타민D</b>주사 #<b>비타민D</b>흡수율 #비타민DK2 #<b>비타민D</b>칼슘,평범은 기록을 만나 특별해 진다.,blog.naver.com/arsoap,20260126,비타민D
"온가족 함께 챙기는 맛있는 비타민 젤리, 메리루스 <b>비타민D</b> 구미",https://blog.naver.com/1adc/224181599122,씹어먹는 비타민구미를 찾고 있던 분 #구미비타민 #메리루스 #맛있는비타민 #젤리비타민 #어린이<b>비타민D</b> #비타민구미 #비타민젤리 #비건비타민구미 #메리루스<b>비타민D</b> #아기비타민 #추천비타민 #<b>비타민D</b>추천,일상+육아+제품 저장소♡,blog.naver.com/1adc,20260212,비타민D
"뉴로랩스<b>비타민D</b> <b>비타민D</b> 부족 걱정될 때, 임산부 5000IU... ",https://blog.naver.com/pm3439/224170408008,임신하면서 <b>비타민D</b>를 꼭 챙겨먹으라고 하더라구요 피검사도 하는데 <b>비타민D</b> 수치가 낮다며 따로 챙겨먹어야 한다고;; 햇빛을 자주 쐬라는데.. 요즘 또 추워서 집 밖에 나가지 않고 하루종일 집에만 있으니... ,ARaShi00,blog.naver.com/pm3439,20260203,비타민D
"<b>비타민D</b> 결핍을 꽉 채우는 하루 한 알, 헬퓨 비건 <b>비타민D</b>3... ",https://blog.naver.com/mambiugo12/224181512808,헬퓨 비건 <b>비타민D</b>3 2000IU는 단순한 영양제를 넘어 건강과 지구를 함께 생각하는 비타민이라는 생각이 듭니다.^^ #임산부<b>비타민D</b> #<b>비타민D</b>부족증상 #<b>비타민D</b>결핍 #<b>비타민D</b>추천 #비건비타민 #면역력관리... ,또박또박 소소한 일상,blog.naver.com/mambiugo12,20260212,비타민D
씹어먹는비타민 리즈파이D3K2츄어블 <b>비타민D</b>추천,https://blog.naver.com/spaceboygirl/224179499875,<b>비타민D</b>추천하면서 비타민K까지 보충하니 아무래도 합성할 수 없는걸 도움받으니 몸에는 더욱 좋을것 같더라구요. 특히 츄어블로 씹어먹는형태로 나왔는데도 아주 조그마해서 살짝 놀랐어요. 벌써 맛있어서... ,큐땡의 맛난 놀이터,blog.naver.com/spaceboygirl,20260211,비타민D
